Source,Station,StationID,Region
EMP,NZ002,EMP NZ002,Western Delta
EMP,NZ003,EMP NZ003,Western Delta
EMP,NZ004,EMP NZ004,Western Delta
EMP,NZ005,EMP NZ005,Suisun Bay
EMP,NZ020,EMP NZ020,Suisun Bay
EMP,NZ022,EMP NZ022,Suisun Bay
EMP,NZ024,EMP NZ024,Suisun Bay
EMP,NZ028,EMP NZ028,Suisun Marsh
EMP,NZ030,EMP NZ030,Suisun Marsh
EMP,NZ032,EMP NZ032,Suisun Marsh
EMP,NZ033,EMP NZ033,Suisun Marsh
EMP,NZ034,EMP NZ034,Suisun Marsh
EMP,NZ036,EMP NZ036,Suisun Bay
EMP,NZ038,EMP NZ038,Suisun Bay
EMP,NZ040,EMP NZ040,Suisun Bay
EMP,NZ042,EMP NZ042,Suisun Bay
EMP,NZ044,EMP NZ044,Suisun Bay
EMP,NZ046,EMP NZ046,Suisun Bay
EMP,NZ048,EMP NZ048,Suisun Bay
EMP,NZ050,EMP NZ050,Suisun Bay
EMP,NZ052,EMP NZ052,Suisun Bay
EMP,NZ054,EMP NZ054,Suisun Bay
EMP,NZ056,EMP NZ056,Suisun Bay
EMP,NZ058,EMP NZ058,Suisun Bay
EMP,NZ060,EMP NZ060,Lower Sacramento River
EMP,NZ062,EMP NZ062,Lower Sacramento River
EMP,NZ064,EMP NZ064,Lower Sacramento River
EMP,NZ066,EMP NZ066,Lower Sacramento River
EMP,NZ068,EMP NZ068,Lower Sacramento River
EMP,NZ069,EMP NZ069,NA
EMP,NZ070,EMP NZ070,Lower Sacramento River
EMP,NZ071,EMP NZ071,Sac Deep Water Shipping Channel
EMP,NZ072,EMP NZ072,Suisun Bay
EMP,NZ074,EMP NZ074,Lower Joaquin River
EMP,NZ076,EMP NZ076,Lower Joaquin River
EMP,NZ078,EMP NZ078,Lower Joaquin River
EMP,NZ080,EMP NZ080,Lower Joaquin River
EMP,NZ082,EMP NZ082,Lower Joaquin River
EMP,NZ084,EMP NZ084,Lower Joaquin River
EMP,NZ086,EMP NZ086,Lower Joaquin River
EMP,NZ088,EMP NZ088,Lower Joaquin River
EMP,NZ090,EMP NZ090,NA
EMP,NZ092,EMP NZ092,NA
EMP,NZ098,EMP NZ098,Southern Delta
EMP,NZ099,EMP NZ099,Cache Slough/Liberty Island
EMP,NZ100,EMP NZ100,NA
EMP,NZ101,EMP NZ101,Sac Deep Water Shipping Channel
EMP,NZ103,EMP NZ103,NA
EMP,NZ104,EMP NZ104,Southern Delta
EMP,NZ155,EMP NZ155,Sac Deep Water Shipping Channel
EMP,NZ161,EMP NZ161,Sac Deep Water Shipping Channel
EMP,NZ165,EMP NZ165,Sac Deep Water Shipping Channel
EMP,NZ169,EMP NZ169,Sac Deep Water Shipping Channel
EMP,NZ295,EMP NZ295,NA
EMP,NZ300,EMP NZ300,NA
EMP,NZ305,EMP NZ305,NA
EMP,NZ310,EMP NZ310,NA
EMP,NZ325,EMP NZ325,Western Delta
EMP,NZ338,EMP NZ338,Western Delta
EMP,NZ340,EMP NZ340,Western Delta
EMP,NZ41A,EMP NZ41A,NA
EMP,NZC03,EMP NZC03,NA
EMP,NZC09,EMP NZC09,Southern Delta
EMP,NZC13,EMP NZC13,NA
EMP,NZD06,EMP NZD06,Suisun Bay
EMP,NZD11,EMP NZD11,Lower Sacramento River
EMP,NZD14,EMP NZD14,Lower Joaquin River
EMP,NZD15,EMP NZD15,Lower Joaquin River
EMP,NZD16,EMP NZD16,Lower Joaquin River
EMP,NZD19,EMP NZD19,Southern Delta
EMP,NZD28,EMP NZD28,Southern Delta
EMP,NZD41,EMP NZD41,NA
EMP,NZM01,EMP NZM01,NA
EMP,NZM02,EMP NZM02,NA
EMP,NZM03,EMP NZM03,NA
EMP,NZM04,EMP NZM04,NA
EMP,NZM06,EMP NZM06,NA
EMP,NZM07,EMP NZM07,NA
EMP,NZM08,EMP NZM08,Lower Joaquin River
EMP,NZM09,EMP NZM09,NA
EMP,NZM10,EMP NZM10,NA
EMP,NZP02,EMP NZP02,NA
EMP,NZP04,EMP NZP04,NA
EMP,NZP10,EMP NZP10,Southern Delta
EMP,NZS42,EMP NZS42,Suisun Marsh
FMWT,340,FMWT 340,Western Delta
FMWT,405,FMWT 405,Western Delta
FMWT,411,FMWT 411,Suisun Bay
FMWT,416,FMWT 416,Suisun Bay
FMWT,418,FMWT 418,Suisun Bay
FMWT,501,FMWT 501,Suisun Bay
FMWT,502,FMWT 502,Suisun Bay
FMWT,504,FMWT 504,Suisun Bay
FMWT,508,FMWT 508,Suisun Bay
FMWT,513,FMWT 513,Suisun Bay
FMWT,519,FMWT 519,Suisun Bay
FMWT,602,FMWT 602,Suisun Marsh
FMWT,606,FMWT 606,Suisun Marsh
FMWT,608,FMWT 608,Suisun Marsh
FMWT,704,FMWT 704,Lower Sacramento River
FMWT,706,FMWT 706,Lower Sacramento River
FMWT,707,FMWT 707,Lower Sacramento River
FMWT,711,FMWT 711,Lower Sacramento River
FMWT,716,FMWT 716,Cache Slough/Liberty Island
FMWT,719,FMWT 719,Sac Deep Water Shipping Channel
FMWT,721,FMWT 721,Cache Slough/Liberty Island
FMWT,723,FMWT 723,Sac Deep Water Shipping Channel
FMWT,795,FMWT 795,Sac Deep Water Shipping Channel
FMWT,796,FMWT 796,Sac Deep Water Shipping Channel
FMWT,797,FMWT 797,Sac Deep Water Shipping Channel
FMWT,802,FMWT 802,Suisun Bay
FMWT,804,FMWT 804,Lower Joaquin River
FMWT,809,FMWT 809,Lower Joaquin River
FMWT,812,FMWT 812,Lower Joaquin River
FMWT,815,FMWT 815,Lower Joaquin River
FMWT,902,FMWT 902,Southern Delta
FMWT,906,FMWT 906,Lower Joaquin River
FMWT,910,FMWT 910,NA
FMWT,912,FMWT 912,NA
FMWT,914,FMWT 914,Southern Delta
FMWT,915,FMWT 915,Southern Delta
FMWT,919,FMWT 919,NA
TNS,323,TNS 323,Western Delta
TNS,340,TNS 340,Western Delta
TNS,342,TNS 342,Western Delta
TNS,405,TNS 405,Western Delta
TNS,411,TNS 411,Suisun Bay
TNS,418,TNS 418,Suisun Bay
TNS,501,TNS 501,Suisun Bay
TNS,504,TNS 504,Suisun Bay
TNS,508,TNS 508,Suisun Bay
TNS,513,TNS 513,Suisun Bay
TNS,519,TNS 519,Suisun Bay
TNS,520,TNS 520,Suisun Bay
TNS,602,TNS 602,Suisun Marsh
TNS,606,TNS 606,Suisun Marsh
TNS,609,TNS 609,Suisun Marsh
TNS,610,TNS 610,Suisun Marsh
TNS,704,TNS 704,Lower Sacramento River
TNS,706,TNS 706,Lower Sacramento River
TNS,707,TNS 707,Lower Sacramento River
TNS,711,TNS 711,Lower Sacramento River
TNS,713,TNS 713,Sac Deep Water Shipping Channel
TNS,716,TNS 716,Cache Slough/Liberty Island
TNS,719,TNS 719,Sac Deep Water Shipping Channel
TNS,721,TNS 721,Cache Slough/Liberty Island
TNS,723,TNS 723,Sac Deep Water Shipping Channel
TNS,795,TNS 795,Sac Deep Water Shipping Channel
TNS,796,TNS 796,Sac Deep Water Shipping Channel
TNS,797,TNS 797,Sac Deep Water Shipping Channel
TNS,801,TNS 801,Suisun Bay
TNS,804,TNS 804,Lower Joaquin River
TNS,809,TNS 809,Lower Joaquin River
TNS,812,TNS 812,Lower Joaquin River
TNS,815,TNS 815,Lower Joaquin River
TNS,902,TNS 902,Southern Delta
TNS,906,TNS 906,Lower Joaquin River
TNS,910,TNS 910,NA
TNS,912,TNS 912,NA
TNS,914,TNS 914,Southern Delta
TNS,915,TNS 915,Southern Delta
TNS,918,TNS 918,Southern Delta
TNS,919,TNS 919,NA
20mm,323,20mm 323,Western Delta
20mm,328,20mm 328,NA
20mm,329,20mm 329,Western Delta
20mm,334,20mm 334,NA
20mm,335,20mm 335,Western Delta
20mm,336,20mm 336,Western Delta
20mm,340,20mm 340,Western Delta
20mm,341,20mm 341,Western Delta
20mm,342,20mm 342,Western Delta
20mm,343,20mm 343,Western Delta
20mm,344,20mm 344,Western Delta
20mm,345,20mm 345,Western Delta
20mm,346,20mm 346,Western Delta
20mm,405,20mm 405,Western Delta
20mm,411,20mm 411,Suisun Bay
20mm,418,20mm 418,Suisun Bay
20mm,501,20mm 501,Suisun Bay
20mm,504,20mm 504,Suisun Bay
20mm,508,20mm 508,Suisun Bay
20mm,513,20mm 513,Suisun Bay
20mm,519,20mm 519,Suisun Bay
20mm,520,20mm 520,Suisun Bay
20mm,602,20mm 602,Suisun Marsh
20mm,606,20mm 606,Suisun Marsh
20mm,609,20mm 609,Suisun Marsh
20mm,610,20mm 610,Suisun Marsh
20mm,703,20mm 703,Lower Sacramento River
20mm,704,20mm 704,Lower Sacramento River
20mm,705,20mm 705,Lower Sacramento River
20mm,706,20mm 706,Lower Sacramento River
20mm,707,20mm 707,Lower Sacramento River
20mm,711,20mm 711,Lower Sacramento River
20mm,716,20mm 716,Cache Slough/Liberty Island
20mm,801,20mm 801,Suisun Bay
20mm,802,20mm 802,Lower Joaquin River
20mm,804,20mm 804,Lower Joaquin River
20mm,809,20mm 809,Lower Joaquin River
20mm,812,20mm 812,Lower Joaquin River
20mm,815,20mm 815,Lower Joaquin River
20mm,901,20mm 901,Southern Delta
20mm,902,20mm 902,Southern Delta
20mm,906,20mm 906,Lower Joaquin River
20mm,910,20mm 910,NA
20mm,912,20mm 912,NA
20mm,914,20mm 914,Southern Delta
20mm,915,20mm 915,Southern Delta
20mm,918,20mm 918,Southern Delta
20mm,919,20mm 919,NA
20mm,330,20mm 330,Western Delta
20mm,347,20mm 347,Western Delta
20mm,348,20mm 348,Western Delta
20mm,349,20mm 349,Western Delta
20mm,718,20mm 718,Cache Slough/Liberty Island
20mm,720,20mm 720,Cache Slough/Liberty Island
20mm,723,20mm 723,Sac Deep Water Shipping Channel
20mm,724,20mm 724,NA
20mm,726,20mm 726,NA
20mm,719,20mm 719,Sac Deep Water Shipping Channel
FRP,501 FRP,FRP 501 FRP,Suisun Bay
FRP,520 FRP,FRP 520 FRP,Suisun Bay
FRP,602FRP,FRP 602FRP,Suisun Marsh
FRP,609 FRP,FRP 609 FRP,Suisun Marsh
FRP,703 FRP,FRP 703 FRP,Lower Sacramento River
FRP,705 FRP,FRP 705 FRP,Lower Sacramento River
FRP,706 FRP,FRP 706 FRP,Lower Sacramento River
FRP,720 FRP,FRP 720 FRP,Cache Slough/Liberty Island
FRP,723 FRP,FRP 723 FRP,Cache Slough/Liberty Island
FRP,724 FRP,FRP 724 FRP,NA
FRP,726 FRP,FRP 726 FRP,NA
FRP,801 FRP,FRP 801 FRP,Suisun Bay
FRP,Barker rip rap,FRP Barker rip rap,Cache Slough/Liberty Island
FRP,BK1,FRP BK1,Cache Slough/Liberty Island
FRP,BK2,FRP BK2,Cache Slough/Liberty Island
FRP,Blacklock,FRP Blacklock,Suisun Marsh
FRP,Bradmoor,FRP Bradmoor,Suisun Marsh
FRP,BROISL,FRP BROISL,Suisun Bay
FRP,Browns Channel,FRP Browns Channel,Suisun Bay
FRP,Browns1,FRP Browns1,Suisun Bay
FRP,CA3,FRP CA3,Cache Slough/Liberty Island
FRP,CC1,FRP CC1,Cache Slough/Liberty Island
FRP,CC2,FRP CC2,Cache Slough/Liberty Island
FRP,Decker Breach,FRP Decker Breach,Lower Sacramento River
FRP,Decker BS1,FRP Decker BS1,Lower Sacramento River
FRP,Decker BS2,FRP Decker BS2,Lower Sacramento River
FRP,Decker BS3,FRP Decker BS3,Lower Sacramento River
FRP,Decker Inside,FRP Decker Inside,Lower Sacramento River
FRP,Dow 2,FRP Dow 2,Suisun Bay
FRP,Dow 3,FRP Dow 3,Suisun Bay
FRP,Dow 4,FRP Dow 4,Suisun Bay
FRP,Dow 5,FRP Dow 5,Suisun Bay
FRP,Dow Breach,FRP Dow Breach,Suisun Bay
FRP,Dow Outside,FRP Dow Outside,Suisun Bay
FRP,Fallouts1,FRP Fallouts1,Cache Slough/Liberty Island
FRP,Fallouts2,FRP Fallouts2,Cache Slough/Liberty Island
FRP,Flyway,FRP Flyway,Cache Slough/Liberty Island
FRP,Headreach,FRP Headreach,NA
FRP,Horsebend1,FRP Horsebend1,Lower Sacramento River
FRP,Horsebend2,FRP Horsebend2,Lower Sacramento River
FRP,HorseBend3,FRP HorseBend3,Lower Sacramento River
FRP,HS2,FRP HS2,Cache Slough/Liberty Island
FRP,HS3,FRP HS3,Cache Slough/Liberty Island
FRP,LI001E,FRP LI001E,Cache Slough/Liberty Island
FRP,LI001W,FRP LI001W,Cache Slough/Liberty Island
FRP,LI002E,FRP LI002E,Cache Slough/Liberty Island
FRP,LI002W,FRP LI002W,Cache Slough/Liberty Island
FRP,LI003E,FRP LI003E,Cache Slough/Liberty Island
FRP,LI003W,FRP LI003W,Cache Slough/Liberty Island
FRP,LI004E,FRP LI004E,Cache Slough/Liberty Island
FRP,LI004W,FRP LI004W,Cache Slough/Liberty Island
FRP,LI005E,FRP LI005E,Cache Slough/Liberty Island
FRP,LI005W,FRP LI005W,Cache Slough/Liberty Island
FRP,LI006W,FRP LI006W,Cache Slough/Liberty Island
FRP,LI007E,FRP LI007E,Cache Slough/Liberty Island
FRP,LI008E,FRP LI008E,Cache Slough/Liberty Island
FRP,LI008W,FRP LI008W,Cache Slough/Liberty Island
FRP,Liberty FAV,FRP Liberty FAV,Cache Slough/Liberty Island
FRP,Liberty rip rap,FRP Liberty rip rap,Cache Slough/Liberty Island
FRP,Liberty SAV,FRP Liberty SAV,Cache Slough/Liberty Island
FRP,Liberty tules,FRP Liberty tules,Cache Slough/Liberty Island
FRP,Liberty1,FRP Liberty1,Cache Slough/Liberty Island
FRP,Liberty2,FRP Liberty2,Cache Slough/Liberty Island
FRP,Liberty3,FRP Liberty3,Cache Slough/Liberty Island
FRP,Liberty4,FRP Liberty4,Cache Slough/Liberty Island
FRP,Liberty5,FRP Liberty5,Cache Slough/Liberty Island
FRP,Liberty6,FRP Liberty6,Cache Slough/Liberty Island
FRP,LinBr,FRP LinBr,Cache Slough/Liberty Island
FRP,Lindsey FAV,FRP Lindsey FAV,Cache Slough/Liberty Island
FRP,Lindsey SAV,FRP Lindsey SAV,Cache Slough/Liberty Island
FRP,Lindsey tules,FRP Lindsey tules,Cache Slough/Liberty Island
FRP,LN1,FRP LN1,Cache Slough/Liberty Island
FRP,LN2,FRP LN2,Cache Slough/Liberty Island
FRP,LN3,FRP LN3,Cache Slough/Liberty Island
FRP,Miner rip rap,FRP Miner rip rap,NA
FRP,Miner SAV,FRP Miner SAV,NA
FRP,Miner Tules,FRP Miner Tules,NA
FRP,MinSlo1,FRP MinSlo1,NA
FRP,MINSLO2,FRP MINSLO2,NA
FRP,MinSlo3,FRP MinSlo3,NA
FRP,NELiberty,FRP NELiberty,Cache Slough/Liberty Island
FRP,Nurse1,FRP Nurse1,Suisun Marsh
FRP,NWLiberty,FRP NWLiberty,Cache Slough/Liberty Island
FRP,ProBr,FRP ProBr,NA
FRP,ProSlough,FRP ProSlough,Cache Slough/Liberty Island
FRP,Rep 1 channel,FRP Rep 1 channel,Lower Sacramento River
FRP,Rep 1 Wetland,FRP Rep 1 Wetland,Lower Sacramento River
FRP,Rep 2 channel,FRP Rep 2 channel,Lower Sacramento River
FRP,Rep 2 wetland,FRP Rep 2 wetland,Lower Sacramento River
FRP,Rep 3 channel,FRP Rep 3 channel,Lower Sacramento River
FRP,Rep 3 Wetland,FRP Rep 3 Wetland,Lower Sacramento River
FRP,RYEISL,FRP RYEISL,Suisun Bay
FRP,Ryer1,FRP Ryer1,Suisun Bay
FRP,Ryer2,FRP Ryer2,Suisun Bay
FRP,Ryer3,FRP Ryer3,Suisun Bay
FRP,Ryer4,FRP Ryer4,Suisun Bay
FRP,SELiberty,FRP SELiberty,Cache Slough/Liberty Island
FRP,Shag SAV/FAV,FRP Shag SAV/FAV,Cache Slough/Liberty Island
FRP,shag1,FRP shag1,Cache Slough/Liberty Island
FRP,Shag2,FRP Shag2,Cache Slough/Liberty Island
FRP,SJ1,FRP SJ1,NA
FRP,SJ2,FRP SJ2,NA
FRP,SJ3,FRP SJ3,NA
FRP,SJ4,FRP SJ4,NA
FRP,SJ5,FRP SJ5,NA
FRP,SJ6,FRP SJ6,NA
FRP,SJ7,FRP SJ7,NA
FRP,SJ8,FRP SJ8,NA
FRP,SoPro1,FRP SoPro1,NA
FRP,SoPro2,FRP SoPro2,Sac Deep Water Shipping Channel
FRP,SoPro3,FRP SoPro3,NA
FRP,SoPro4,FRP SoPro4,NA
FRP,SoPro5,FRP SoPro5,Sac Deep Water Shipping Channel
FRP,SoPro6,FRP SoPro6,NA
FRP,SoPro7,FRP SoPro7,NA
FRP,Stacy's Island,FRP Stacy's Island,Lower Joaquin River
FRP,Stairsteps1,FRP Stairsteps1,Cache Slough/Liberty Island
FRP,Stairsteps2,FRP Stairsteps2,Cache Slough/Liberty Island
FRP,Stairsteps3,FRP Stairsteps3,Cache Slough/Liberty Island
FRP,substrates1,FRP substrates1,Cache Slough/Liberty Island
FRP,substrates2,FRP substrates2,Cache Slough/Liberty Island
FRP,SWLiberty,FRP SWLiberty,Cache Slough/Liberty Island
FRP,throwtraps,FRP throwtraps,NA
FRP,Toedrain1,FRP Toedrain1,Cache Slough/Liberty Island
FRP,TR1,FRP TR1,Suisun Marsh
FRP,TR2,FRP TR2,Suisun Marsh
FRP,TR3,FRP TR3,Suisun Marsh
FRP,TR4,FRP TR4,Suisun Marsh
FRP,TR5,FRP TR5,Suisun Marsh
FRP,TR6,FRP TR6,Suisun Marsh
FRP,TR7,FRP TR7,Suisun Marsh
FRP,Webb,FRP Webb,Lower Joaquin River
FRP,Wildlands,FRP Wildlands,Cache Slough/Liberty Island
FRP,WinBr,FRP WinBr,Suisun Bay
FRP,Wings 1,FRP Wings 1,Suisun Marsh
FRP,Wings Brood Pond,FRP Wings Brood Pond,Suisun Marsh
FRP,Winter 1,FRP Winter 1,Suisun Bay
FRP,Winter 2,FRP Winter 2,Suisun Bay
FRP,Winter 3,FRP Winter 3,Suisun Bay
FRP,Winter 4,FRP Winter 4,Suisun Bay
FRP,Winter 5,FRP Winter 5,Suisun Bay
FMWT,070,FMWT 070,NA
FMWT,071,FMWT 071,NA
FMWT,072,FMWT 072,NA
FMWT,073,FMWT 073,NA
FMWT,101,FMWT 101,NA
FMWT,102,FMWT 102,NA
FMWT,103,FMWT 103,NA
FMWT,104,FMWT 104,NA
FMWT,105,FMWT 105,NA
FMWT,106,FMWT 106,NA
FMWT,107,FMWT 107,NA
FMWT,108,FMWT 108,NA
FMWT,109,FMWT 109,NA
FMWT,110,FMWT 110,NA
FMWT,111,FMWT 111,NA
FMWT,112,FMWT 112,NA
FMWT,113,FMWT 113,NA
FMWT,201,FMWT 201,NA
FMWT,202,FMWT 202,NA
FMWT,203,FMWT 203,NA
FMWT,204,FMWT 204,NA
FMWT,205,FMWT 205,NA
FMWT,206,FMWT 206,NA
FMWT,207,FMWT 207,NA
FMWT,208,FMWT 208,NA
FMWT,209,FMWT 209,NA
FMWT,210,FMWT 210,NA
FMWT,211,FMWT 211,NA
FMWT,301,FMWT 301,NA
FMWT,302,FMWT 302,NA
FMWT,303,FMWT 303,NA
FMWT,304,FMWT 304,NA
FMWT,305,FMWT 305,NA
FMWT,306,FMWT 306,NA
FMWT,307,FMWT 307,NA
FMWT,308,FMWT 308,NA
FMWT,309,FMWT 309,NA
FMWT,310,FMWT 310,NA
FMWT,311,FMWT 311,NA
FMWT,312,FMWT 312,NA
FMWT,313,FMWT 313,NA
FMWT,314,FMWT 314,NA
FMWT,315,FMWT 315,NA
FMWT,316,FMWT 316,NA
FMWT,317,FMWT 317,NA
FMWT,318,FMWT 318,NA
FMWT,319,FMWT 319,NA
FMWT,320,FMWT 320,Western Delta
FMWT,321,FMWT 321,NA
FMWT,322,FMWT 322,NA
FMWT,323,FMWT 323,NA
FMWT,324,FMWT 324,Western Delta
FMWT,325,FMWT 325,Western Delta
FMWT,326,FMWT 326,Western Delta
FMWT,327,FMWT 327,NA
FMWT,328,FMWT 328,NA
FMWT,329,FMWT 329,Western Delta
FMWT,330,FMWT 330,NA
FMWT,331,FMWT 331,NA
FMWT,332,FMWT 332,NA
FMWT,333,FMWT 333,NA
FMWT,334,FMWT 334,NA
FMWT,335,FMWT 335,Western Delta
FMWT,336,FMWT 336,Western Delta
FMWT,337,FMWT 337,Western Delta
FMWT,338,FMWT 338,Western Delta
FMWT,339,FMWT 339,Western Delta
FMWT,341,FMWT 341,Western Delta
FMWT,401,FMWT 401,Western Delta
FMWT,402,FMWT 402,Western Delta
FMWT,403,FMWT 403,Western Delta
FMWT,404,FMWT 404,Western Delta
FMWT,406,FMWT 406,Western Delta
FMWT,407,FMWT 407,Suisun Bay
FMWT,408,FMWT 408,Suisun Bay
FMWT,409,FMWT 409,Suisun Bay
FMWT,410,FMWT 410,Suisun Bay
FMWT,412,FMWT 412,Suisun Bay
FMWT,413,FMWT 413,Suisun Bay
FMWT,414,FMWT 414,Suisun Bay
FMWT,415,FMWT 415,Suisun Bay
FMWT,417,FMWT 417,Suisun Bay
FMWT,419,FMWT 419,Suisun Marsh
FMWT,503,FMWT 503,Suisun Bay
FMWT,505,FMWT 505,Suisun Bay
FMWT,506,FMWT 506,Suisun Bay
FMWT,507,FMWT 507,Suisun Bay
FMWT,509,FMWT 509,Suisun Bay
FMWT,510,FMWT 510,Suisun Bay
FMWT,511,FMWT 511,Suisun Bay
FMWT,512,FMWT 512,Suisun Bay
FMWT,514,FMWT 514,Suisun Bay
FMWT,515,FMWT 515,Suisun Bay
FMWT,516,FMWT 516,Suisun Bay
FMWT,517,FMWT 517,Suisun Bay
FMWT,518,FMWT 518,Suisun Bay
FMWT,601,FMWT 601,Suisun Marsh
FMWT,603,FMWT 603,Suisun Marsh
FMWT,604,FMWT 604,Suisun Marsh
FMWT,605,FMWT 605,Suisun Marsh
FMWT,607,FMWT 607,Suisun Marsh
FMWT,701,FMWT 701,Lower Sacramento River
FMWT,702,FMWT 702,Lower Sacramento River
FMWT,703,FMWT 703,Lower Sacramento River
FMWT,705,FMWT 705,Lower Sacramento River
FMWT,708,FMWT 708,Lower Sacramento River
FMWT,709,FMWT 709,Lower Sacramento River
FMWT,710,FMWT 710,Lower Sacramento River
FMWT,712,FMWT 712,NA
FMWT,713,FMWT 713,Sac Deep Water Shipping Channel
FMWT,715,FMWT 715,Sac Deep Water Shipping Channel
FMWT,717,FMWT 717,NA
FMWT,724,FMWT 724,NA
FMWT,735,FMWT 735,NA
FMWT,736,FMWT 736,NA
FMWT,801,FMWT 801,Suisun Bay
FMWT,803,FMWT 803,Suisun Bay
FMWT,805,FMWT 805,Lower Joaquin River
FMWT,806,FMWT 806,Lower Joaquin River
FMWT,807,FMWT 807,Lower Joaquin River
FMWT,808,FMWT 808,Lower Joaquin River
FMWT,810,FMWT 810,Lower Joaquin River
FMWT,811,FMWT 811,Lower Joaquin River
FMWT,813,FMWT 813,Lower Joaquin River
FMWT,814,FMWT 814,Lower Joaquin River
FMWT,901,FMWT 901,Southern Delta
FMWT,903,FMWT 903,NA
FMWT,904,FMWT 904,Lower Joaquin River
FMWT,905,FMWT 905,Lower Joaquin River
FMWT,907,FMWT 907,NA
FMWT,908,FMWT 908,Southern Delta
FMWT,909,FMWT 909,NA
FMWT,911,FMWT 911,NA
FMWT,913,FMWT 913,Southern Delta
FMWT,916,FMWT 916,Southern Delta
FMWT,917,FMWT 917,Southern Delta
FMWT,918,FMWT 918,Southern Delta
FMWT,920,FMWT 920,NA
FMWT,921,FMWT 921,NA
FMWT,922,FMWT 922,NA
FMWT,923,FMWT 923,NA
FMWT,924,FMWT 924,NA
FMWT,925,FMWT 925,NA
STN,323,STN 323,Western Delta
STN,328,STN 328,NA
STN,329,STN 329,Western Delta
STN,334,STN 334,NA
STN,335,STN 335,Western Delta
STN,336,STN 336,Western Delta
STN,340,STN 340,Western Delta
STN,405,STN 405,Western Delta
STN,411,STN 411,Suisun Bay
STN,418,STN 418,Suisun Bay
STN,501,STN 501,Suisun Bay
STN,504,STN 504,Suisun Bay
STN,508,STN 508,Suisun Bay
STN,513,STN 513,Suisun Bay
STN,519,STN 519,Suisun Bay
STN,520,STN 520,Suisun Bay
STN,602,STN 602,Suisun Marsh
STN,606,STN 606,Suisun Marsh
STN,609,STN 609,Suisun Marsh
STN,610,STN 610,Suisun Marsh
STN,704,STN 704,Lower Sacramento River
STN,706,STN 706,Lower Sacramento River
STN,707,STN 707,Lower Sacramento River
STN,711,STN 711,Lower Sacramento River
STN,713,STN 713,Sac Deep Water Shipping Channel
STN,716,STN 716,Cache Slough/Liberty Island
STN,719,STN 719,Sac Deep Water Shipping Channel
STN,721,STN 721,Cache Slough/Liberty Island
STN,723,STN 723,Sac Deep Water Shipping Channel
STN,795,STN 795,Sac Deep Water Shipping Channel
STN,796,STN 796,Sac Deep Water Shipping Channel
STN,797,STN 797,Sac Deep Water Shipping Channel
STN,801,STN 801,Suisun Bay
STN,804,STN 804,Lower Joaquin River
STN,809,STN 809,Lower Joaquin River
STN,812,STN 812,Lower Joaquin River
STN,815,STN 815,Lower Joaquin River
STN,902,STN 902,Southern Delta
STN,906,STN 906,Lower Joaquin River
STN,910,STN 910,NA
STN,912,STN 912,NA
STN,914,STN 914,Southern Delta
STN,915,STN 915,Southern Delta
STN,918,STN 918,Southern Delta
STN,919,STN 919,NA
EMP,C10,EMP C10,NA
EMP,C10A,EMP C10A,NA
EMP,C3,EMP C3,NA
EMP,C3A,EMP C3A,NA
EMP,C7,EMP C7,NA
EMP,C9,EMP C9,NA
EMP,D10,EMP D10,Suisun Bay
EMP,D11,EMP D11,Lower Sacramento River
EMP,D12,EMP D12,Lower Joaquin River
EMP,D14A,EMP D14A,Lower Joaquin River
EMP,D15,EMP D15,Lower Joaquin River
EMP,D16,EMP D16,Lower Joaquin River
EMP,D19,EMP D19,Southern Delta
EMP,D2,EMP D2,Suisun Bay
EMP,D22,EMP D22,Lower Sacramento River
EMP,D24,EMP D24,Lower Sacramento River
EMP,D26,EMP D26,Lower Joaquin River
EMP,D28A,EMP D28A,Southern Delta
EMP,D4,EMP D4,Lower Sacramento River
EMP,D41,EMP D41,NA
EMP,D41A,EMP D41A,NA
EMP,D42,EMP D42,Western Delta
EMP,D6,EMP D6,Suisun Bay
EMP,D7,EMP D7,Suisun Marsh
EMP,D8,EMP D8,Suisun Bay
EMP,D9,EMP D9,Suisun Bay
EMP,MD10,EMP MD10,NA
EMP,MD10A,EMP MD10A,NA
EMP,MD6,EMP MD6,NA
EMP,MD7,EMP MD7,NA
EMP,MD7A,EMP MD7A,NA
EMP,P10,EMP P10,Southern Delta
EMP,P10A,EMP P10A,Southern Delta
EMP,P12,EMP P12,NA
EMP,P12A,EMP P12A,NA
EMP,P2,EMP P2,NA
EMP,P8,EMP P8,NA
EMP,S42,EMP S42,Suisun Marsh
EMP,D10A,EMP D10A,Suisun Bay
EMP,D12A,EMP D12A,Lower Joaquin River
EMP,D24A,EMP D24A,Lower Sacramento River
EMP,D6A,EMP D6A,Suisun Bay
EMP,D29,EMP D29,Lower Joaquin River
EMP,P8A,EMP P8A,NA
EMP,C7A,EMP C7A,NA
EMP,D7A,EMP D7A,Suisun Marsh
EMP,D8A,EMP D8A,Suisun Bay
EMP,D9A,EMP D9A,Suisun Bay
EMP,D11A,EMP D11A,Lower Sacramento River
EMP,D16A,EMP D16A,Lower Joaquin River
EMP,D19A,EMP D19A,Southern Delta
EMP,EZ2 2004-01-21,EMP EZ2 2004-01-21,Suisun Bay
EMP,EZ2 2004-02-19,EMP EZ2 2004-02-19,Suisun Bay
EMP,EZ2 2004-03-17,EMP EZ2 2004-03-17,Suisun Bay
EMP,EZ2 2004-04-15,EMP EZ2 2004-04-15,Suisun Bay
EMP,EZ2 2004-05-13,EMP EZ2 2004-05-13,Suisun Bay
EMP,EZ2 2004-06-09,EMP EZ2 2004-06-09,Lower Sacramento River
EMP,EZ2 2004-07-08,EMP EZ2 2004-07-08,Lower Sacramento River
EMP,EZ2 2004-08-24,EMP EZ2 2004-08-24,Lower Sacramento River
EMP,EZ2 2004-09-23,EMP EZ2 2004-09-23,Lower Sacramento River
EMP,EZ2 2004-10-21,EMP EZ2 2004-10-21,Lower Sacramento River
EMP,EZ2 2004-11-22,EMP EZ2 2004-11-22,Lower Sacramento River
EMP,EZ2 2004-12-21,EMP EZ2 2004-12-21,Lower Sacramento River
EMP,EZ2 2005-01-20,EMP EZ2 2005-01-20,Suisun Bay
EMP,EZ2 2005-02-17,EMP EZ2 2005-02-17,Suisun Bay
EMP,EZ2 2005-03-22,EMP EZ2 2005-03-22,Suisun Bay
EMP,EZ2 2005-04-19,EMP EZ2 2005-04-19,Suisun Bay
EMP,EZ2 2005-05-19,EMP EZ2 2005-05-19,Suisun Bay
EMP,EZ2 2005-06-16,EMP EZ2 2005-06-16,Suisun Bay
EMP,EZ2 2005-07-14,EMP EZ2 2005-07-14,Suisun Bay
EMP,EZ2 2005-08-11,EMP EZ2 2005-08-11,Lower Sacramento River
EMP,EZ2 2005-09-26,EMP EZ2 2005-09-26,Lower Sacramento River
EMP,EZ2 2005-10-25,EMP EZ2 2005-10-25,Lower Sacramento River
EMP,EZ2 2005-11-22,EMP EZ2 2005-11-22,Lower Sacramento River
EMP,EZ2 2005-12-22,EMP EZ2 2005-12-22,Lower Sacramento River
EMP,EZ2 2006-01-24,EMP EZ2 2006-01-24,Suisun Bay
EMP,EZ2 2006-02-22,EMP EZ2 2006-02-22,Suisun Bay
EMP,EZ2 2006-03-23,EMP EZ2 2006-03-23,Suisun Bay
EMP,EZ2 2006-04-25,EMP EZ2 2006-04-25,Western Delta
EMP,EZ2 2006-05-22,EMP EZ2 2006-05-22,Suisun Bay
EMP,EZ2 2006-06-26,EMP EZ2 2006-06-26,Suisun Bay
EMP,EZ2 2006-07-19,EMP EZ2 2006-07-19,Suisun Bay
EMP,EZ2 2006-08-16,EMP EZ2 2006-08-16,Lower Sacramento River
EMP,EZ2 2006-09-14,EMP EZ2 2006-09-14,Lower Sacramento River
EMP,EZ2 2006-10-16,EMP EZ2 2006-10-16,Lower Sacramento River
EMP,EZ2 2006-11-14,EMP EZ2 2006-11-14,Lower Sacramento River
EMP,EZ2 2006-12-12,EMP EZ2 2006-12-12,Lower Sacramento River
EMP,EZ2 2007-01-16,EMP EZ2 2007-01-16,Lower Sacramento River
EMP,EZ2 2007-02-14,EMP EZ2 2007-02-14,Suisun Bay
EMP,EZ2 2007-03-13,EMP EZ2 2007-03-13,Lower Sacramento River
EMP,EZ2 2007-04-12,EMP EZ2 2007-04-12,Suisun Bay
EMP,EZ2 2007-05-10,EMP EZ2 2007-05-10,Lower Sacramento River
EMP,EZ2 2007-06-11,EMP EZ2 2007-06-11,Lower Sacramento River
EMP,EZ2 2007-07-20,EMP EZ2 2007-07-20,Lower Sacramento River
EMP,EZ2 2007-08-20,EMP EZ2 2007-08-20,Lower Sacramento River
EMP,EZ2 2007-09-19,EMP EZ2 2007-09-19,Lower Sacramento River
EMP,EZ2 2007-10-17,EMP EZ2 2007-10-17,Lower Sacramento River
EMP,EZ2 2007-11-15,EMP EZ2 2007-11-15,Lower Sacramento River
EMP,EZ2 2007-12-17,EMP EZ2 2007-12-17,Lower Sacramento River
EMP,EZ2 2008-01-16,EMP EZ2 2008-01-16,Suisun Bay
EMP,EZ2 2008-02-15,EMP EZ2 2008-02-15,Suisun Bay
EMP,EZ2 2008-03-14,EMP EZ2 2008-03-14,Suisun Bay
EMP,EZ2 2008-04-14,EMP EZ2 2008-04-14,Lower Sacramento River
EMP,EZ2 2008-05-12,EMP EZ2 2008-05-12,Lower Sacramento River
EMP,EZ2 2008-06-11,EMP EZ2 2008-06-11,Lower Sacramento River
EMP,EZ2 2008-07-09,EMP EZ2 2008-07-09,Lower Sacramento River
EMP,EZ2 2008-08-11,EMP EZ2 2008-08-11,Lower Sacramento River
EMP,EZ2 2008-09-05,EMP EZ2 2008-09-05,Lower Sacramento River
EMP,EZ2 2008-10-06,EMP EZ2 2008-10-06,Lower Sacramento River
EMP,EZ2 2008-11-19,EMP EZ2 2008-11-19,Lower Sacramento River
EMP,EZ2 2008-12-05,EMP EZ2 2008-12-05,Lower Sacramento River
EMP,EZ2 2009-01-16,EMP EZ2 2009-01-16,Lower Sacramento River
EMP,EZ2 2009-02-19,EMP EZ2 2009-02-19,Suisun Bay
EMP,EZ2 2009-03-20,EMP EZ2 2009-03-20,Suisun Bay
EMP,EZ2 2009-04-17,EMP EZ2 2009-04-17,Suisun Bay
EMP,EZ2 2009-05-18,EMP EZ2 2009-05-18,Suisun Bay
EMP,EZ2 2009-06-17,EMP EZ2 2009-06-17,Suisun Bay
EMP,EZ2 2009-07-15,EMP EZ2 2009-07-15,Lower Sacramento River
EMP,EZ2 2009-08-14,EMP EZ2 2009-08-14,Lower Sacramento River
EMP,EZ2 2009-09-11,EMP EZ2 2009-09-11,Lower Sacramento River
EMP,EZ2 2009-10-09,EMP EZ2 2009-10-09,Lower Sacramento River
EMP,EZ2 2009-11-06,EMP EZ2 2009-11-06,Lower Sacramento River
EMP,EZ2 2009-12-10,EMP EZ2 2009-12-10,Lower Sacramento River
EMP,EZ2 2010-01-08,EMP EZ2 2010-01-08,Lower Sacramento River
EMP,EZ2 2010-02-10,EMP EZ2 2010-02-10,Suisun Bay
EMP,EZ2 2010-03-10,EMP EZ2 2010-03-10,Suisun Bay
EMP,EZ2 2010-04-07,EMP EZ2 2010-04-07,Suisun Bay
EMP,EZ2 2010-05-07,EMP EZ2 2010-05-07,Suisun Bay
EMP,EZ2 2010-06-04,EMP EZ2 2010-06-04,Suisun Bay
EMP,EZ2 2010-07-06,EMP EZ2 2010-07-06,Lower Sacramento River
EMP,EZ2 2010-08-04,EMP EZ2 2010-08-04,Lower Sacramento River
EMP,EZ2 2010-09-15,EMP EZ2 2010-09-15,Lower Sacramento River
EMP,EZ2 2010-10-14,EMP EZ2 2010-10-14,Lower Sacramento River
EMP,EZ2 2010-11-15,EMP EZ2 2010-11-15,Lower Sacramento River
EMP,EZ2 2010-12-15,EMP EZ2 2010-12-15,Lower Sacramento River
EMP,EZ2 2011-01-14,EMP EZ2 2011-01-14,Suisun Bay
EMP,EZ2 2011-02-14,EMP EZ2 2011-02-14,Lower Sacramento River
EMP,EZ2 2011-03-14,EMP EZ2 2011-03-14,Suisun Bay
EMP,EZ2 2011-04-14,EMP EZ2 2011-04-14,Suisun Bay
EMP,EZ2 2011-05-16,EMP EZ2 2011-05-16,Suisun Bay
EMP,EZ2 2011-06-08,EMP EZ2 2011-06-08,Suisun Bay
EMP,EZ2 2011-07-08,EMP EZ2 2011-07-08,Suisun Bay
EMP,EZ2 2011-08-23,EMP EZ2 2011-08-23,Suisun Bay
EMP,EZ2 2011-09-21,EMP EZ2 2011-09-21,Lower Sacramento River
EMP,EZ2 2011-10-19,EMP EZ2 2011-10-19,Suisun Bay
EMP,EZ2 2011-11-18,EMP EZ2 2011-11-18,Lower Sacramento River
EMP,EZ2 2011-12-19,EMP EZ2 2011-12-19,Lower Sacramento River
EMP,EZ2 2012-01-19,EMP EZ2 2012-01-19,Lower Sacramento River
EMP,EZ2 2012-02-15,EMP EZ2 2012-02-15,Lower Sacramento River
EMP,EZ2 2012-03-16,EMP EZ2 2012-03-16,Lower Sacramento River
EMP,EZ2 2012-04-13,EMP EZ2 2012-04-13,Suisun Bay
EMP,EZ2 2012-05-14,EMP EZ2 2012-05-14,Suisun Bay
EMP,EZ2 2012-06-13,EMP EZ2 2012-06-13,Lower Sacramento River
EMP,EZ2 2012-07-11,EMP EZ2 2012-07-11,Lower Sacramento River
EMP,EZ2 2012-08-09,EMP EZ2 2012-08-09,Lower Sacramento River
EMP,EZ2 2012-09-07,EMP EZ2 2012-09-07,Lower Sacramento River
EMP,EZ2 2012-10-08,EMP EZ2 2012-10-08,Lower Sacramento River
EMP,EZ2 2012-11-07,EMP EZ2 2012-11-07,Lower Sacramento River
EMP,EZ2 2012-12-10,EMP EZ2 2012-12-10,Suisun Bay
EMP,EZ2 2013-01-22,EMP EZ2 2013-01-22,Lower Sacramento River
EMP,EZ2 2013-02-21,EMP EZ2 2013-02-21,Suisun Bay
EMP,EZ2 2013-03-22,EMP EZ2 2013-03-22,Lower Sacramento River
EMP,EZ2 2013-04-22,EMP EZ2 2013-04-22,Lower Sacramento River
EMP,EZ2 2013-05-20,EMP EZ2 2013-05-20,Lower Sacramento River
EMP,EZ2 2013-06-18,EMP EZ2 2013-06-18,Lower Sacramento River
EMP,EZ2 2013-07-17,EMP EZ2 2013-07-17,Lower Sacramento River
EMP,EZ2 2013-08-14,EMP EZ2 2013-08-14,Lower Sacramento River
EMP,EZ2 2013-09-25,EMP EZ2 2013-09-25,Lower Sacramento River
EMP,EZ2 2013-10-11,EMP EZ2 2013-10-11,Lower Sacramento River
EMP,EZ2 2013-11-12,EMP EZ2 2013-11-12,Lower Sacramento River
EMP,EZ2 2013-12-11,EMP EZ2 2013-12-11,Lower Sacramento River
EMP,EZ2 2014-01-10,EMP EZ2 2014-01-10,Lower Sacramento River
EMP,EZ2 2014-02-10,EMP EZ2 2014-02-10,Lower Sacramento River
EMP,EZ2 2014-03-10,EMP EZ2 2014-03-10,Suisun Bay
EMP,EZ2 2014-04-09,EMP EZ2 2014-04-09,Lower Sacramento River
EMP,EZ2 2014-05-09,EMP EZ2 2014-05-09,Lower Sacramento River
EMP,EZ2 2014-06-06,EMP EZ2 2014-06-06,Lower Sacramento River
EMP,EZ2 2014-07-07,EMP EZ2 2014-07-07,Lower Sacramento River
EMP,EZ2 2014-08-19,EMP EZ2 2014-08-19,Lower Sacramento River
EMP,EZ2 2014-09-18,EMP EZ2 2014-09-18,Lower Sacramento River
EMP,EZ2 2014-10-03,EMP EZ2 2014-10-03,Lower Sacramento River
EMP,EZ2 2014-11-14,EMP EZ2 2014-11-14,Lower Sacramento River
EMP,EZ2 2014-12-17,EMP EZ2 2014-12-17,Suisun Bay
EMP,EZ2 2015-01-16,EMP EZ2 2015-01-16,Lower Sacramento River
EMP,EZ2 2015-02-13,EMP EZ2 2015-02-13,Suisun Bay
EMP,EZ2 2015-03-13,EMP EZ2 2015-03-13,Lower Sacramento River
EMP,EZ2 2015-04-13,EMP EZ2 2015-04-13,Lower Sacramento River
EMP,EZ2 2015-05-13,EMP EZ2 2015-05-13,Lower Sacramento River
EMP,EZ2 2015-06-10,EMP EZ2 2015-06-10,Lower Sacramento River
EMP,EZ2 2015-07-10,EMP EZ2 2015-07-10,Lower Sacramento River
EMP,EZ2 2015-08-25,EMP EZ2 2015-08-25,Lower Sacramento River
EMP,EZ2 2015-09-22,EMP EZ2 2015-09-22,Lower Sacramento River
EMP,EZ2 2015-10-21,EMP EZ2 2015-10-21,Lower Sacramento River
EMP,EZ2 2015-11-04,EMP EZ2 2015-11-04,Lower Sacramento River
EMP,EZ2 2015-12-04,EMP EZ2 2015-12-04,Lower Sacramento River
EMP,EZ2 2016-01-06,EMP EZ2 2016-01-06,Lower Sacramento River
EMP,EZ2 2016-02-03,EMP EZ2 2016-02-03,Suisun Bay
EMP,EZ2 2016-03-04,EMP EZ2 2016-03-04,Lower Sacramento River
EMP,EZ2 2016-04-15,EMP EZ2 2016-04-15,Suisun Bay
EMP,EZ2 2016-05-13,EMP EZ2 2016-05-13,Lower Sacramento River
EMP,EZ2 2016-06-13,EMP EZ2 2016-06-13,Lower Sacramento River
EMP,EZ2 2016-07-13,EMP EZ2 2016-07-13,Lower Sacramento River
EMP,EZ2 2016-08-10,EMP EZ2 2016-08-10,Lower Sacramento River
EMP,EZ2 2016-09-12,EMP EZ2 2016-09-12,Lower Sacramento River
EMP,EZ2 2016-10-24,EMP EZ2 2016-10-24,Lower Sacramento River
EMP,EZ2 2016-11-07,EMP EZ2 2016-11-07,Lower Sacramento River
EMP,EZ2 2016-12-09,EMP EZ2 2016-12-09,Lower Sacramento River
EMP,EZ2 2017-01-11,EMP EZ2 2017-01-11,Western Delta
EMP,EZ2 2017-02-10,EMP EZ2 2017-02-10,Western Delta
EMP,EZ2 2017-03-10,EMP EZ2 2017-03-10,Suisun Bay
EMP,EZ2 2017-06-19,EMP EZ2 2017-06-19,Suisun Bay
EMP,EZ2 2017-07-18,EMP EZ2 2017-07-18,Suisun Bay
EMP,EZ2 2017-08-16,EMP EZ2 2017-08-16,Lower Sacramento River
EMP,EZ2 2017-09-14,EMP EZ2 2017-09-14,Suisun Bay
EMP,EZ2 2017-10-12,EMP EZ2 2017-10-12,Lower Sacramento River
EMP,EZ2 2017-11-09,EMP EZ2 2017-11-09,Lower Sacramento River
EMP,EZ2 2017-12-08,EMP EZ2 2017-12-08,Lower Sacramento River
EMP,EZ2 2018-01-05,EMP EZ2 2018-01-05,Lower Sacramento River
EMP,EZ2 2018-02-08,EMP EZ2 2018-02-08,Lower Sacramento River
EMP,EZ2 2018-03-14,EMP EZ2 2018-03-14,Lower Sacramento River
EMP,EZ2 2018-04-11,EMP EZ2 2018-04-11,Suisun Bay
EMP,EZ2 2018-05-10,EMP EZ2 2018-05-10,Suisun Bay
EMP,EZ2 2018-06-08,EMP EZ2 2018-06-08,Suisun Bay
EMP,EZ2 2018-07-10,EMP EZ2 2018-07-10,Lower Sacramento River
EMP,EZ2 2018-08-07,EMP EZ2 2018-08-07,Lower Sacramento River
EMP,EZ2 2018-09-13,EMP EZ2 2018-09-13,Lower Sacramento River
EMP,EZ2 2018-10-12,EMP EZ2 2018-10-12,Lower Sacramento River
EMP,EZ2 2018-11-20,EMP EZ2 2018-11-20,Lower Sacramento River
EMP,EZ2 2018-12-11,EMP EZ2 2018-12-11,Lower Sacramento River
EMP,EZ6 2004-01-21,EMP EZ6 2004-01-21,Suisun Bay
EMP,EZ6 2004-02-19,EMP EZ6 2004-02-19,Suisun Bay
EMP,EZ6 2004-03-17,EMP EZ6 2004-03-17,Suisun Bay
EMP,EZ6 2004-05-13,EMP EZ6 2004-05-13,Suisun Bay
EMP,EZ6 2004-06-09,EMP EZ6 2004-06-09,Suisun Bay
EMP,EZ6 2004-07-08,EMP EZ6 2004-07-08,Lower Sacramento River
EMP,EZ6 2004-08-24,EMP EZ6 2004-08-24,Suisun Bay
EMP,EZ6 2004-09-23,EMP EZ6 2004-09-23,Lower Sacramento River
EMP,EZ6 2004-10-21,EMP EZ6 2004-10-21,Lower Sacramento River
EMP,EZ6 2004-11-22,EMP EZ6 2004-11-22,Lower Sacramento River
EMP,EZ6 2005-01-20,EMP EZ6 2005-01-20,Suisun Bay
EMP,EZ6 2005-02-17,EMP EZ6 2005-02-17,Suisun Bay
EMP,EZ6 2005-03-22,EMP EZ6 2005-03-22,Suisun Bay
EMP,EZ6 2005-04-19,EMP EZ6 2005-04-19,Suisun Bay
EMP,EZ6 2005-05-19,EMP EZ6 2005-05-19,Suisun Bay
EMP,EZ6 2005-06-16,EMP EZ6 2005-06-16,Suisun Bay
EMP,EZ6 2005-07-14,EMP EZ6 2005-07-14,Suisun Bay
EMP,EZ6 2005-08-11,EMP EZ6 2005-08-11,Suisun Bay
EMP,EZ6 2005-09-26,EMP EZ6 2005-09-26,Suisun Bay
EMP,EZ6 2005-10-25,EMP EZ6 2005-10-25,Lower Sacramento River
EMP,EZ6 2005-11-22,EMP EZ6 2005-11-22,Lower Sacramento River
EMP,EZ6 2005-12-22,EMP EZ6 2005-12-22,Suisun Bay
EMP,EZ6 2006-01-24,EMP EZ6 2006-01-24,Suisun Bay
EMP,EZ6 2006-02-22,EMP EZ6 2006-02-22,Suisun Bay
EMP,EZ6 2006-03-23,EMP EZ6 2006-03-23,Suisun Bay
EMP,EZ6 2006-04-25,EMP EZ6 2006-04-25,Western Delta
EMP,EZ6 2006-05-22,EMP EZ6 2006-05-22,Suisun Bay
EMP,EZ6 2006-06-26,EMP EZ6 2006-06-26,Suisun Bay
EMP,EZ6 2006-07-18,EMP EZ6 2006-07-18,Suisun Bay
EMP,EZ6 2006-08-16,EMP EZ6 2006-08-16,Suisun Bay
EMP,EZ6 2006-09-14,EMP EZ6 2006-09-14,Suisun Bay
EMP,EZ6 2006-10-16,EMP EZ6 2006-10-16,Lower Sacramento River
EMP,EZ6 2006-11-14,EMP EZ6 2006-11-14,Lower Sacramento River
EMP,EZ6 2006-12-12,EMP EZ6 2006-12-12,Lower Sacramento River
EMP,EZ6 2007-01-16,EMP EZ6 2007-01-16,Lower Sacramento River
EMP,EZ6 2007-02-14,EMP EZ6 2007-02-14,Suisun Bay
EMP,EZ6 2007-03-13,EMP EZ6 2007-03-13,Suisun Bay
EMP,EZ6 2007-04-12,EMP EZ6 2007-04-12,Suisun Bay
EMP,EZ6 2007-05-10,EMP EZ6 2007-05-10,Suisun Bay
EMP,EZ6 2007-06-11,EMP EZ6 2007-06-11,Suisun Bay
EMP,EZ6 2007-07-20,EMP EZ6 2007-07-20,Suisun Bay
EMP,EZ6 2007-08-20,EMP EZ6 2007-08-20,Suisun Bay
EMP,EZ6 2007-09-19,EMP EZ6 2007-09-19,Lower Sacramento River
EMP,EZ6 2007-10-17,EMP EZ6 2007-10-17,Lower Sacramento River
EMP,EZ6 2007-11-15,EMP EZ6 2007-11-15,Lower Sacramento River
EMP,EZ6 2007-12-17,EMP EZ6 2007-12-17,Lower Sacramento River
EMP,EZ6 2008-01-16,EMP EZ6 2008-01-16,Suisun Bay
EMP,EZ6 2008-02-15,EMP EZ6 2008-02-15,Suisun Bay
EMP,EZ6 2008-03-14,EMP EZ6 2008-03-14,Suisun Bay
EMP,EZ6 2008-04-14,EMP EZ6 2008-04-14,Suisun Bay
EMP,EZ6 2008-05-12,EMP EZ6 2008-05-12,Suisun Bay
EMP,EZ6 2008-06-11,EMP EZ6 2008-06-11,Suisun Bay
EMP,EZ6 2008-07-09,EMP EZ6 2008-07-09,Lower Sacramento River
EMP,EZ6 2008-08-11,EMP EZ6 2008-08-11,Lower Sacramento River
EMP,EZ6 2008-09-05,EMP EZ6 2008-09-05,Lower Sacramento River
EMP,EZ6 2008-10-06,EMP EZ6 2008-10-06,Lower Sacramento River
EMP,EZ6 2008-11-19,EMP EZ6 2008-11-19,Lower Sacramento River
EMP,EZ6 2008-12-05,EMP EZ6 2008-12-05,Lower Sacramento River
EMP,EZ6 2009-01-16,EMP EZ6 2009-01-16,Lower Sacramento River
EMP,EZ6 2009-02-19,EMP EZ6 2009-02-19,Suisun Bay
EMP,EZ6 2009-03-20,EMP EZ6 2009-03-20,Suisun Bay
EMP,EZ6 2009-04-17,EMP EZ6 2009-04-17,Suisun Bay
EMP,EZ6 2009-05-18,EMP EZ6 2009-05-18,Suisun Bay
EMP,EZ6 2009-06-17,EMP EZ6 2009-06-17,Suisun Bay
EMP,EZ6 2009-07-15,EMP EZ6 2009-07-15,Suisun Bay
EMP,EZ6 2009-08-14,EMP EZ6 2009-08-14,Lower Sacramento River
EMP,EZ6 2009-09-11,EMP EZ6 2009-09-11,Lower Sacramento River
EMP,EZ6 2009-10-09,EMP EZ6 2009-10-09,Lower Sacramento River
EMP,EZ6 2009-11-06,EMP EZ6 2009-11-06,Lower Sacramento River
EMP,EZ6 2009-12-10,EMP EZ6 2009-12-10,Lower Sacramento River
EMP,EZ6 2010-01-08,EMP EZ6 2010-01-08,Lower Sacramento River
EMP,EZ6 2010-03-10,EMP EZ6 2010-03-10,Suisun Bay
EMP,EZ6 2010-04-07,EMP EZ6 2010-04-07,Suisun Bay
EMP,EZ6 2010-05-07,EMP EZ6 2010-05-07,Suisun Bay
EMP,EZ6 2010-06-04,EMP EZ6 2010-06-04,Suisun Bay
EMP,EZ6 2010-07-06,EMP EZ6 2010-07-06,Suisun Bay
EMP,EZ6 2010-08-04,EMP EZ6 2010-08-04,Suisun Bay
EMP,EZ6 2010-09-15,EMP EZ6 2010-09-15,Lower Sacramento River
EMP,EZ6 2010-10-14,EMP EZ6 2010-10-14,Lower Sacramento River
EMP,EZ6 2010-11-15,EMP EZ6 2010-11-15,Lower Sacramento River
EMP,EZ6 2010-12-15,EMP EZ6 2010-12-15,Suisun Bay
EMP,EZ6 2011-01-14,EMP EZ6 2011-01-14,Suisun Bay
EMP,EZ6 2011-02-14,EMP EZ6 2011-02-14,Lower Sacramento River
EMP,EZ6 2011-03-14,EMP EZ6 2011-03-14,Suisun Bay
EMP,EZ6 2011-04-14,EMP EZ6 2011-04-14,Suisun Bay
EMP,EZ6 2011-05-16,EMP EZ6 2011-05-16,Western Delta
EMP,EZ6 2011-06-08,EMP EZ6 2011-06-08,Suisun Bay
EMP,EZ6 2011-07-08,EMP EZ6 2011-07-08,Suisun Bay
EMP,EZ6 2011-08-23,EMP EZ6 2011-08-23,Suisun Bay
EMP,EZ6 2011-09-21,EMP EZ6 2011-09-21,Suisun Bay
EMP,EZ6 2011-10-19,EMP EZ6 2011-10-19,Suisun Bay
EMP,EZ6 2011-11-18,EMP EZ6 2011-11-18,Lower Sacramento River
EMP,EZ6 2011-12-19,EMP EZ6 2011-12-19,Lower Sacramento River
EMP,EZ6 2012-01-19,EMP EZ6 2012-01-19,Lower Sacramento River
EMP,EZ6 2012-02-15,EMP EZ6 2012-02-15,Suisun Bay
EMP,EZ6 2012-03-16,EMP EZ6 2012-03-16,Lower Sacramento River
EMP,EZ6 2012-04-13,EMP EZ6 2012-04-13,Suisun Bay
EMP,EZ6 2012-05-14,EMP EZ6 2012-05-14,Suisun Bay
EMP,EZ6 2012-06-13,EMP EZ6 2012-06-13,Suisun Bay
EMP,EZ6 2012-07-11,EMP EZ6 2012-07-11,Suisun Bay
EMP,EZ6 2012-08-09,EMP EZ6 2012-08-09,Suisun Bay
EMP,EZ6 2012-09-07,EMP EZ6 2012-09-07,Lower Sacramento River
EMP,EZ6 2012-10-08,EMP EZ6 2012-10-08,Lower Sacramento River
EMP,EZ6 2012-11-07,EMP EZ6 2012-11-07,Lower Sacramento River
EMP,EZ6 2012-12-10,EMP EZ6 2012-12-10,Suisun Bay
EMP,EZ6 2013-01-22,EMP EZ6 2013-01-22,Suisun Bay
EMP,EZ6 2013-02-21,EMP EZ6 2013-02-21,Suisun Bay
EMP,EZ6 2013-03-22,EMP EZ6 2013-03-22,Suisun Bay
EMP,EZ6 2013-04-22,EMP EZ6 2013-04-22,Suisun Bay
EMP,EZ6 2013-05-20,EMP EZ6 2013-05-20,Suisun Bay
EMP,EZ6 2013-06-18,EMP EZ6 2013-06-18,Suisun Bay
EMP,EZ6 2013-07-17,EMP EZ6 2013-07-17,Suisun Bay
EMP,EZ6 2013-08-14,EMP EZ6 2013-08-14,Suisun Bay
EMP,EZ6 2013-09-25,EMP EZ6 2013-09-25,Lower Sacramento River
EMP,EZ6 2013-10-11,EMP EZ6 2013-10-11,Lower Sacramento River
EMP,EZ6 2013-11-12,EMP EZ6 2013-11-12,Lower Sacramento River
EMP,EZ6 2013-12-11,EMP EZ6 2013-12-11,Lower Sacramento River
EMP,EZ6 2014-01-10,EMP EZ6 2014-01-10,Lower Sacramento River
EMP,EZ6 2014-02-10,EMP EZ6 2014-02-10,Lower Sacramento River
EMP,EZ6 2014-03-10,EMP EZ6 2014-03-10,Suisun Bay
EMP,EZ6 2014-04-09,EMP EZ6 2014-04-09,Suisun Bay
EMP,EZ6 2014-05-09,EMP EZ6 2014-05-09,Lower Sacramento River
EMP,EZ6 2014-06-06,EMP EZ6 2014-06-06,Lower Sacramento River
EMP,EZ6 2014-07-07,EMP EZ6 2014-07-07,Lower Sacramento River
EMP,EZ6 2014-08-19,EMP EZ6 2014-08-19,Lower Sacramento River
EMP,EZ6 2014-09-18,EMP EZ6 2014-09-18,Lower Sacramento River
EMP,EZ6 2014-10-03,EMP EZ6 2014-10-03,Lower Sacramento River
EMP,EZ6 2014-11-14,EMP EZ6 2014-11-14,Lower Sacramento River
EMP,EZ6 2014-12-17,EMP EZ6 2014-12-17,Suisun Bay
EMP,EZ6 2015-01-16,EMP EZ6 2015-01-16,Lower Sacramento River
EMP,EZ6 2015-02-13,EMP EZ6 2015-02-13,Suisun Bay
EMP,EZ6 2015-03-13,EMP EZ6 2015-03-13,Lower Sacramento River
EMP,EZ6 2015-04-13,EMP EZ6 2015-04-13,Lower Sacramento River
EMP,EZ6 2015-05-13,EMP EZ6 2015-05-13,Lower Sacramento River
EMP,EZ6 2015-06-10,EMP EZ6 2015-06-10,Lower Sacramento River
EMP,EZ6 2015-07-10,EMP EZ6 2015-07-10,Lower Sacramento River
EMP,EZ6 2015-08-25,EMP EZ6 2015-08-25,Lower Sacramento River
EMP,EZ6 2015-09-22,EMP EZ6 2015-09-22,Lower Sacramento River
EMP,EZ6 2015-10-21,EMP EZ6 2015-10-21,Lower Sacramento River
EMP,EZ6 2015-11-04,EMP EZ6 2015-11-04,Lower Sacramento River
EMP,EZ6 2015-12-04,EMP EZ6 2015-12-04,Lower Sacramento River
EMP,EZ6 2016-01-06,EMP EZ6 2016-01-06,Lower Sacramento River
EMP,EZ6 2016-02-03,EMP EZ6 2016-02-03,Suisun Bay
EMP,EZ6 2016-03-04,EMP EZ6 2016-03-04,Lower Sacramento River
EMP,EZ6 2016-04-15,EMP EZ6 2016-04-15,Suisun Bay
EMP,EZ6 2016-05-13,EMP EZ6 2016-05-13,Suisun Bay
EMP,EZ6 2016-06-13,EMP EZ6 2016-06-13,Suisun Bay
EMP,EZ6 2016-07-13,EMP EZ6 2016-07-13,Suisun Bay
EMP,EZ6 2016-08-10,EMP EZ6 2016-08-10,Suisun Bay
EMP,EZ6 2016-09-12,EMP EZ6 2016-09-12,Lower Sacramento River
EMP,EZ6 2016-10-24,EMP EZ6 2016-10-24,Lower Sacramento River
EMP,EZ6 2016-11-07,EMP EZ6 2016-11-07,Lower Sacramento River
EMP,EZ6 2016-12-09,EMP EZ6 2016-12-09,Lower Sacramento River
EMP,EZ6 2017-01-11,EMP EZ6 2017-01-11,Western Delta
EMP,EZ6 2017-02-10,EMP EZ6 2017-02-10,Western Delta
EMP,EZ6 2017-03-10,EMP EZ6 2017-03-10,Western Delta
EMP,EZ6 2017-04-07,EMP EZ6 2017-04-07,Suisun Bay
EMP,EZ6 2017-05-22,EMP EZ6 2017-05-22,Suisun Bay
EMP,EZ6 2017-06-19,EMP EZ6 2017-06-19,Suisun Bay
EMP,EZ6 2017-07-18,EMP EZ6 2017-07-18,Suisun Bay
EMP,EZ6 2017-08-16,EMP EZ6 2017-08-16,Suisun Bay
EMP,EZ6 2017-09-14,EMP EZ6 2017-09-14,Suisun Bay
EMP,EZ6 2017-10-12,EMP EZ6 2017-10-12,Suisun Bay
EMP,EZ6 2017-11-09,EMP EZ6 2017-11-09,Lower Sacramento River
EMP,EZ6 2017-12-08,EMP EZ6 2017-12-08,Lower Sacramento River
EMP,EZ6 2018-01-05,EMP EZ6 2018-01-05,Lower Sacramento River
EMP,EZ6 2018-02-08,EMP EZ6 2018-02-08,Suisun Bay
EMP,EZ6 2018-03-14,EMP EZ6 2018-03-14,Lower Sacramento River
EMP,EZ6 2018-04-11,EMP EZ6 2018-04-11,Suisun Bay
EMP,EZ6 2018-05-10,EMP EZ6 2018-05-10,Suisun Bay
EMP,EZ6 2018-06-08,EMP EZ6 2018-06-08,Suisun Bay
EMP,EZ6 2018-07-10,EMP EZ6 2018-07-10,Suisun Bay
EMP,EZ6 2018-08-07,EMP EZ6 2018-08-07,Suisun Bay
EMP,EZ6 2018-09-13,EMP EZ6 2018-09-13,Lower Sacramento River
EMP,EZ6 2018-10-12,EMP EZ6 2018-10-12,Lower Sacramento River
EMP,EZ6 2018-11-20,EMP EZ6 2018-11-20,Lower Sacramento River
EMP,EZ6 2018-12-11,EMP EZ6 2018-12-11,Lower Sacramento River
EMP,EZ2-SJR 2014-06-04,EMP EZ2-SJR 2014-06-04,Lower Joaquin River
EMP,EZ2-SJR 2014-07-02,EMP EZ2-SJR 2014-07-02,Lower Joaquin River
EMP,EZ2-SJR 2014-08-14,EMP EZ2-SJR 2014-08-14,Lower Joaquin River
EMP,EZ2-SJR 2014-09-15,EMP EZ2-SJR 2014-09-15,Lower Joaquin River
EMP,EZ2-SJR 2014-10-01,EMP EZ2-SJR 2014-10-01,Lower Joaquin River
EMP,EZ2-SJR 2014-11-12,EMP EZ2-SJR 2014-11-12,Lower Joaquin River
EMP,EZ2-SJR 2015-04-09,EMP EZ2-SJR 2015-04-09,Lower Joaquin River
EMP,EZ2-SJR 2015-06-08,EMP EZ2-SJR 2015-06-08,Lower Joaquin River
EMP,EZ2-SJR 2015-07-08,EMP EZ2-SJR 2015-07-08,Lower Joaquin River
EMP,EZ2-SJR 2015-08-19,EMP EZ2-SJR 2015-08-19,Lower Joaquin River
EMP,EZ2-SJR 2015-09-17,EMP EZ2-SJR 2015-09-17,Lower Joaquin River
EMP,EZ2-SJR 2015-11-02,EMP EZ2-SJR 2015-11-02,Lower Joaquin River
EMP,EZ2-SJR 2015-12-02,EMP EZ2-SJR 2015-12-02,Lower Joaquin River
EMP,EZ2-SJR 2016-01-04,EMP EZ2-SJR 2016-01-04,Lower Joaquin River
EMP,EZ2-SJR 2016-08-08,EMP EZ2-SJR 2016-08-08,Lower Joaquin River
EMP,EZ2-SJR 2016-10-20,EMP EZ2-SJR 2016-10-20,Lower Joaquin River
EMP,EZ2-SJR 2016-11-03,EMP EZ2-SJR 2016-11-03,Lower Joaquin River
EMP,EZ2-SJR 2016-12-08,EMP EZ2-SJR 2016-12-08,Lower Joaquin River
EMP,EZ2-SJR 2017-12-11,EMP EZ2-SJR 2017-12-11,Lower Joaquin River
EMP,EZ2-SJR 2018-01-08,EMP EZ2-SJR 2018-01-08,Lower Joaquin River
EMP,EZ2-SJR 2018-07-19,EMP EZ2-SJR 2018-07-19,Lower Joaquin River
EMP,EZ2-SJR 2018-08-03,EMP EZ2-SJR 2018-08-03,Lower Joaquin River
EMP,EZ2-SJR 2018-09-14,EMP EZ2-SJR 2018-09-14,Lower Joaquin River
EMP,EZ2-SJR 2018-10-15,EMP EZ2-SJR 2018-10-15,Lower Joaquin River
EMP,EZ2-SJR 2018-12-12,EMP EZ2-SJR 2018-12-12,Lower Joaquin River
EMP,EZ6-SJR 2014-06-04,EMP EZ6-SJR 2014-06-04,Lower Joaquin River
EMP,EZ6-SJR 2014-07-02,EMP EZ6-SJR 2014-07-02,Lower Joaquin River
EMP,EZ6-SJR 2014-08-14,EMP EZ6-SJR 2014-08-14,Lower Joaquin River
EMP,EZ6-SJR 2014-09-15,EMP EZ6-SJR 2014-09-15,Lower Joaquin River
EMP,EZ6-SJR 2014-10-01,EMP EZ6-SJR 2014-10-01,Lower Joaquin River
EMP,EZ6-SJR 2014-11-12,EMP EZ6-SJR 2014-11-12,Lower Joaquin River
EMP,EZ6-SJR 2015-04-09,EMP EZ6-SJR 2015-04-09,Lower Joaquin River
EMP,EZ6-SJR 2015-06-08,EMP EZ6-SJR 2015-06-08,Lower Joaquin River
EMP,EZ6-SJR 2015-07-08,EMP EZ6-SJR 2015-07-08,Lower Joaquin River
EMP,EZ6-SJR 2015-08-19,EMP EZ6-SJR 2015-08-19,Lower Joaquin River
EMP,EZ6-SJR 2015-09-17,EMP EZ6-SJR 2015-09-17,Lower Joaquin River
EMP,EZ6-SJR 2015-11-02,EMP EZ6-SJR 2015-11-02,Lower Joaquin River
EMP,EZ6-SJR 2015-12-02,EMP EZ6-SJR 2015-12-02,Lower Joaquin River
EMP,EZ6-SJR 2016-01-04,EMP EZ6-SJR 2016-01-04,Lower Joaquin River
EMP,EZ6-SJR 2016-10-20,EMP EZ6-SJR 2016-10-20,Lower Joaquin River
EMP,EZ6-SJR 2016-11-03,EMP EZ6-SJR 2016-11-03,Lower Joaquin River
EMP,EZ6-SJR 2018-01-08,EMP EZ6-SJR 2018-01-08,Lower Joaquin River
EMP,EZ6-SJR 2018-10-15,EMP EZ6-SJR 2018-10-15,Lower Joaquin River
EMP,D41-C,NA,NA
EMP,D41A-C,NA,NA
EMP,C9-L,NA,Southern Delta
EMP,D7-C,NA,Suisun Marsh
EMP,D4-L,NA,Lower Sacramento River
EMP,D16-L,NA,Lower Joaquin River
EMP,D24-L,NA,Lower Sacramento River
EMP,D6-R,NA,Suisun Bay
EMP,P8-R,NA,NA
EMP,D28A-L,NA,Southern Delta
EMP,C3-C,NA,NA
EMP,C3-L,NA,NA
EMP,C3-R,NA,NA
EMP,C7-C,NA,NA
EMP,C7-L,NA,NA
EMP,C7-R,NA,NA
EMP,C9-C,NA,Southern Delta
EMP,D10-C,NA,Suisun Bay
EMP,D10-L,NA,Suisun Bay
EMP,D10-R,NA,Suisun Bay
EMP,D11-C,NA,Lower Sacramento River
EMP,D11-L,NA,Lower Sacramento River
EMP,D11-R,NA,Lower Sacramento River
EMP,D12-C,NA,Lower Joaquin River
EMP,D14A-C,NA,Lower Joaquin River
EMP,D14A-L,NA,Lower Joaquin River
EMP,D14A-R,NA,Lower Joaquin River
EMP,D16-C,NA,Lower Joaquin River
EMP,D19-C,NA,Southern Delta
EMP,D19-L,NA,Southern Delta
EMP,D19-R,NA,Southern Delta
EMP,D26-C,NA,Lower Joaquin River
EMP,D26-L,NA,Lower Joaquin River
EMP,D26-R,NA,Lower Joaquin River
EMP,D28A-C,NA,Southern Delta
EMP,D28A-R,NA,Southern Delta
EMP,D4-C,NA,Lower Sacramento River
EMP,D4-R,NA,Lower Sacramento River
EMP,D6-L,NA,Suisun Bay
EMP,D6-C,NA,Suisun Bay
EMP,D7-L,NA,Suisun Marsh
EMP,D7-R,NA,Suisun Marsh
EMP,D8-C,NA,Suisun Bay
EMP,D9-C,NA,Suisun Bay
EMP,D9-R,NA,Suisun Bay
EMP,MD6-C,NA,NA
EMP,MD6-L,NA,NA
EMP,MD6-R,NA,NA
EMP,MD7-C,NA,NA
EMP,MD7-L,NA,NA
EMP,MD7-R,NA,NA
EMP,P8-C,NA,NA
EMP,P8-L,NA,NA
